strategy,window_k,decay_lambda,use_fusion,use_decay,auroc,auroc_ci_lo,auroc_ci_hi,auprc,best_f1,best_threshold,false_alarm_rate_per_day
historical,1,0.1,True,True,0.7347,0.7034,0.7646,0.11,0.2075,0.46,6.7367
historical,1,0.25,True,True,0.7347,0.7034,0.7646,0.11,0.2075,0.46,6.7367
historical,1,0.5,True,True,0.7347,0.7034,0.7646,0.11,0.2075,0.46,6.7367
historical,1,1.0,True,True,0.7347,0.7034,0.7646,0.11,0.2075,0.46,6.7367
historical,1,2.0,True,True,0.7347,0.7034,0.7646,0.11,0.2075,0.46,6.7367
historical,3,0.1,True,True,0.8253,0.7889,0.86,0.3448,0.4669,0.25,1.3401
historical,3,0.25,True,True,0.8281,0.7928,0.8629,0.3238,0.4844,0.3,0.5882
historical,3,0.5,True,True,0.83,0.7958,0.8626,0.2978,0.4561,0.34,1.3401
historical,3,1.0,True,True,0.814,0.78,0.8462,0.2366,0.4019,0.4,1.71
historical,3,2.0,True,True,0.7756,0.743,0.8057,0.1599,0.2537,0.44,4.6812
historical,6,0.1,True,True,0.8346,0.7999,0.8701,0.4883,0.6371,0.17,0.2547
historical,6,0.25,True,True,0.8416,0.8071,0.8749,0.4957,0.6232,0.23,0.4002
historical,6,0.5,True,True,0.8432,0.8073,0.8762,0.4721,0.5739,0.32,0.1637
historical,6,1.0,True,True,0.8214,0.787,0.8539,0.2732,0.4144,0.39,1.7342
historical,6,2.0,True,True,0.7761,0.7434,0.8062,0.1608,0.2562,0.44,4.6145
historical,12,0.1,True,True,0.8408,0.8071,0.8747,0.4948,0.6205,0.11,0.3032
historical,12,0.25,True,True,0.8443,0.8098,0.8775,0.5054,0.6219,0.2,0.3517
historical,12,0.5,True,True,0.8442,0.8085,0.8769,0.4863,0.5876,0.31,0.188
historical,12,1.0,True,True,0.8216,0.7871,0.8541,0.274,0.4199,0.39,1.6614
historical,12,2.0,True,True,0.7761,0.7434,0.8061,0.1608,0.2562,0.44,4.6145
historical,24,0.1,True,True,0.8415,0.8081,0.8755,0.5022,0.6138,0.09,0.2607
historical,24,0.25,True,True,0.8447,0.81,0.8777,0.5215,0.626,0.2,0.1758
historical,24,0.5,True,True,0.8443,0.8086,0.8771,0.4903,0.5876,0.31,0.188
historical,24,1.0,True,True,0.8216,0.7871,0.8541,0.274,0.4199,0.39,1.6614
historical,24,2.0,True,True,0.7761,0.7434,0.8061,0.1607,0.2562,0.44,4.6145
physics,1,0.1,True,True,0.6847,0.4605,0.5387,0.0873,0.0996,0.05,24.0
physics,1,0.25,True,True,0.6847,0.4605,0.5387,0.0873,0.0996,0.05,24.0
physics,1,0.5,True,True,0.6847,0.4605,0.5387,0.0873,0.0996,0.05,24.0
physics,1,1.0,True,True,0.6847,0.4605,0.5387,0.0873,0.0996,0.05,24.0
physics,1,2.0,True,True,0.6847,0.4605,0.5387,0.0873,0.0996,0.05,24.0
physics,3,0.1,True,True,0.6847,0.4605,0.5387,0.0873,0.0996,0.05,24.0
physics,3,0.25,True,True,0.6847,0.4605,0.5387,0.0873,0.0996,0.05,24.0
physics,3,0.5,True,True,0.6847,0.4605,0.5387,0.0873,0.0996,0.05,24.0
physics,3,1.0,True,True,0.6847,0.4605,0.5387,0.0873,0.0996,0.05,24.0
physics,3,2.0,True,True,0.6847,0.4605,0.5387,0.0873,0.0996,0.05,24.0
physics,6,0.1,True,True,0.6847,0.4605,0.5387,0.0873,0.0996,0.05,24.0
physics,6,0.25,True,True,0.6847,0.4605,0.5387,0.0873,0.0996,0.05,24.0
physics,6,0.5,True,True,0.6847,0.4605,0.5387,0.0873,0.0996,0.05,24.0
physics,6,1.0,True,True,0.6847,0.4605,0.5387,0.0873,0.0996,0.05,24.0
physics,6,2.0,True,True,0.6847,0.4605,0.5387,0.0873,0.0996,0.05,24.0
physics,12,0.1,True,True,0.6847,0.4605,0.5387,0.0873,0.0996,0.05,24.0
physics,12,0.25,True,True,0.6847,0.4605,0.5387,0.0873,0.0996,0.05,24.0
physics,12,0.5,True,True,0.6847,0.4605,0.5387,0.0873,0.0996,0.05,24.0
physics,12,1.0,True,True,0.6847,0.4605,0.5387,0.0873,0.0996,0.05,24.0
physics,12,2.0,True,True,0.6847,0.4605,0.5387,0.0873,0.0996,0.05,24.0
physics,24,0.1,True,True,0.6847,0.4605,0.5387,0.0873,0.0996,0.05,24.0
physics,24,0.25,True,True,0.6847,0.4605,0.5387,0.0873,0.0996,0.05,24.0
physics,24,0.5,True,True,0.6847,0.4605,0.5387,0.0873,0.0996,0.05,24.0
physics,24,1.0,True,True,0.6847,0.4605,0.5387,0.0873,0.0996,0.05,24.0
physics,24,2.0,True,True,0.6847,0.4605,0.5387,0.0873,0.0996,0.05,24.0
composite,1,0.1,True,True,0.6875,0.5569,0.635,0.1169,0.1898,0.48,1.5644
composite,1,0.25,True,True,0.6875,0.5569,0.635,0.1169,0.1898,0.48,1.5644
composite,1,0.5,True,True,0.6875,0.5569,0.635,0.1169,0.1898,0.48,1.5644
composite,1,1.0,True,True,0.6875,0.5569,0.635,0.1169,0.1898,0.48,1.5644
composite,1,2.0,True,True,0.6875,0.5569,0.635,0.1169,0.1898,0.48,1.5644
composite,3,0.1,True,True,0.7049,0.5701,0.6542,0.2501,0.2588,0.26,0.0182
composite,3,0.25,True,True,0.7054,0.5719,0.6561,0.2571,0.2977,0.3,0.0243
composite,3,0.5,True,True,0.7016,0.5664,0.6516,0.256,0.2868,0.36,0.0121
composite,3,1.0,True,True,0.6949,0.5737,0.6545,0.2652,0.2875,0.41,0.2971
composite,3,2.0,True,True,0.7025,0.5727,0.6536,0.2789,0.2635,0.47,0.2304
composite,6,0.1,True,True,0.729,0.5604,0.6377,0.2384,0.2008,0.18,0.0303
composite,6,0.25,True,True,0.7405,0.5745,0.6547,0.284,0.2558,0.24,0.0364
composite,6,0.5,True,True,0.7427,0.5815,0.6618,0.3059,0.2955,0.32,0.0364
composite,6,1.0,True,True,0.7245,0.5822,0.663,0.294,0.2892,0.4,0.3578
composite,6,2.0,True,True,0.6647,0.5776,0.6583,0.2686,0.2635,0.47,0.2304
composite,12,0.1,True,True,0.67,0.5597,0.6364,0.241,0.1142,0.12,17.6938
composite,12,0.25,True,True,0.6877,0.5809,0.6595,0.2663,0.2213,0.22,0.0364
composite,12,0.5,True,True,0.6981,0.589,0.6686,0.3321,0.2985,0.31,0.0546
composite,12,1.0,True,True,0.6893,0.5887,0.6694,0.2739,0.2928,0.4,0.3335
composite,12,2.0,True,True,0.6882,0.585,0.6652,0.2799,0.2635,0.47,0.2304
composite,24,0.1,True,True,0.6212,0.5745,0.6513,0.1173,0.1238,0.11,11.2602
composite,24,0.25,True,True,0.6459,0.5988,0.6776,0.1919,0.2625,0.21,0.0364
composite,24,0.5,True,True,0.6562,0.6057,0.6843,0.2376,0.2996,0.31,0.0485
composite,24,1.0,True,True,0.6431,0.6029,0.6841,0.2493,0.2928,0.4,0.3335
composite,24,2.0,True,True,0.6593,0.593,0.6714,0.268,0.2635,0.47,0.2304
historical,6,0.5,False,True,0.7259,0.7026,0.761,0.1042,0.1473,0.95,13.3886
historical,6,0.5,True,False,0.8138,0.778,0.8503,0.4762,0.6448,0.12,0.1758
historical,6,0.5,False,False,0.6461,0.6159,0.6862,0.0845,0.1791,0.49,3.05
physics,6,0.5,False,True,0.6847,0.4605,0.5387,0.0873,0.0996,0.05,24.0
physics,6,0.5,True,False,0.6847,0.4605,0.5387,0.0873,0.0996,0.05,24.0
physics,6,0.5,False,False,0.6847,0.4605,0.5387,0.0873,0.0996,0.05,24.0
composite,6,0.5,False,True,0.6962,0.5434,0.625,0.1536,0.0997,0.93,23.9697
composite,6,0.5,True,False,0.7355,0.5651,0.6396,0.2383,0.1125,0.12,15.2501
composite,6,0.5,False,False,0.4589,0.5126,0.5909,0.0474,0.1201,0.48,8.0647
