strategy,window_k,decay_lambda,use_fusion,use_decay,physics_bounds_mode,auroc,auroc_ci_lo,auroc_ci_hi,auprc,best_f1,best_threshold,false_alarm_rate_per_day
historical,1,0.1,True,True,domain,0.7347,0.7034,0.7646,0.11,0.2075,0.46,6.7367
historical,1,0.1,False,True,domain,0.7347,0.7034,0.7646,0.11,0.2075,0.46,6.7367
historical,1,0.25,True,True,domain,0.7347,0.7034,0.7646,0.11,0.2075,0.46,6.7367
historical,1,0.25,False,True,domain,0.7347,0.7034,0.7646,0.11,0.2075,0.46,6.7367
historical,1,0.5,True,True,domain,0.7347,0.7034,0.7646,0.11,0.2075,0.46,6.7367
historical,1,0.5,False,True,domain,0.7347,0.7034,0.7646,0.11,0.2075,0.46,6.7367
historical,1,1.0,True,True,domain,0.7347,0.7034,0.7646,0.11,0.2075,0.46,6.7367
historical,1,1.0,False,True,domain,0.7347,0.7034,0.7646,0.11,0.2075,0.46,6.7367
historical,1,2.0,True,True,domain,0.7347,0.7034,0.7646,0.11,0.2075,0.46,6.7367
historical,1,2.0,False,True,domain,0.7347,0.7034,0.7646,0.11,0.2075,0.46,6.7367
historical,3,0.1,True,True,domain,0.8253,0.7889,0.86,0.3448,0.4669,0.25,1.3401
historical,3,0.1,False,True,domain,0.7286,0.702,0.7634,0.1029,0.2096,0.56,6.288
historical,3,0.25,True,True,domain,0.8281,0.7928,0.8629,0.3238,0.4844,0.3,0.5882
historical,3,0.25,False,True,domain,0.7261,0.7027,0.7634,0.1022,0.1963,0.67,7.3613
historical,3,0.5,True,True,domain,0.83,0.7958,0.8626,0.2978,0.4561,0.34,1.3401
historical,3,0.5,False,True,domain,0.7246,0.7002,0.7632,0.1021,0.1971,0.8,7.3249
historical,3,1.0,True,True,domain,0.814,0.78,0.8462,0.2366,0.4019,0.4,1.71
historical,3,1.0,False,True,domain,0.7246,0.7002,0.7632,0.1021,0.1536,0.92,12.5215
historical,3,2.0,True,True,domain,0.7756,0.743,0.8057,0.1599,0.2537,0.44,4.6812
historical,3,2.0,False,True,domain,0.7246,0.7002,0.7632,0.1021,0.0997,0.91,23.9879
historical,6,0.1,True,True,domain,0.8346,0.7999,0.8701,0.4883,0.6371,0.17,0.2547
historical,6,0.1,False,True,domain,0.7268,0.7026,0.7618,0.1042,0.1952,0.67,7.3613
historical,6,0.25,True,True,domain,0.8416,0.8071,0.8749,0.4957,0.6232,0.23,0.4002
historical,6,0.25,False,True,domain,0.727,0.7039,0.7625,0.1043,0.1655,0.84,10.8358
historical,6,0.5,True,True,domain,0.8432,0.8073,0.8762,0.4721,0.5739,0.32,0.1637
historical,6,0.5,False,True,domain,0.7259,0.7026,0.761,0.1042,0.1473,0.95,13.3886
historical,6,1.0,True,True,domain,0.8214,0.787,0.8539,0.2732,0.4144,0.39,1.7342
historical,6,1.0,False,True,domain,0.7259,0.7026,0.761,0.1042,0.0997,0.91,23.9818
historical,6,2.0,True,True,domain,0.7761,0.7434,0.8062,0.1608,0.2562,0.44,4.6145
historical,6,2.0,False,True,domain,0.7259,0.7026,0.761,0.1042,0.0997,0.91,23.9879
historical,12,0.1,True,True,domain,0.8408,0.8071,0.8747,0.4948,0.6205,0.11,0.3032
historical,12,0.1,False,True,domain,0.7078,0.6692,0.7349,0.0982,0.1874,0.82,6.8823
historical,12,0.25,True,True,domain,0.8443,0.8098,0.8775,0.5054,0.6219,0.2,0.3517
historical,12,0.25,False,True,domain,0.6972,0.6659,0.7312,0.0944,0.1014,0.95,23.3148
historical,12,0.5,True,True,domain,0.8442,0.8085,0.8769,0.4863,0.5876,0.31,0.188
historical,12,0.5,False,True,domain,0.6949,0.6643,0.7305,0.0938,0.0998,0.95,23.9636
historical,12,1.0,True,True,domain,0.8216,0.7871,0.8541,0.274,0.4199,0.39,1.6614
historical,12,1.0,False,True,domain,0.6949,0.6643,0.7305,0.0938,0.0997,0.91,23.9818
historical,12,2.0,True,True,domain,0.7761,0.7434,0.8061,0.1608,0.2562,0.44,4.6145
historical,12,2.0,False,True,domain,0.6949,0.6643,0.7305,0.0938,0.0997,0.91,23.9879
historical,24,0.1,True,True,domain,0.8415,0.8081,0.8755,0.5022,0.6138,0.09,0.2607
historical,24,0.1,False,True,domain,0.6379,0.605,0.6756,0.0764,0.1217,0.94,14.6741
historical,24,0.25,True,True,domain,0.8447,0.81,0.8777,0.5215,0.626,0.2,0.1758
historical,24,0.25,False,True,domain,0.6359,0.5984,0.671,0.0773,0.0999,0.95,23.9333
historical,24,0.5,True,True,domain,0.8443,0.8086,0.8771,0.4903,0.5876,0.31,0.188
historical,24,0.5,False,True,domain,0.6301,0.5998,0.6714,0.075,0.0998,0.95,23.9636
historical,24,1.0,True,True,domain,0.8216,0.7871,0.8541,0.274,0.4199,0.39,1.6614
historical,24,1.0,False,True,domain,0.6301,0.5998,0.6714,0.075,0.0997,0.91,23.9818
historical,24,2.0,True,True,domain,0.7761,0.7434,0.8061,0.1607,0.2562,0.44,4.6145
historical,24,2.0,False,True,domain,0.6854,0.4644,0.5415,0.0874,0.0997,0.91,23.9879
physics,1,0.1,True,True,domain,0.7058,0.6536,0.7364,0.1184,0.2205,0.46,5.8151
physics,1,0.1,False,True,domain,0.7058,0.6536,0.7364,0.1184,0.2205,0.46,5.8151
physics,1,0.25,True,True,domain,0.7058,0.6536,0.7364,0.1184,0.2205,0.46,5.8151
physics,1,0.25,False,True,domain,0.7058,0.6536,0.7364,0.1184,0.2205,0.46,5.8151
physics,1,0.5,True,True,domain,0.7058,0.6536,0.7364,0.1184,0.2205,0.46,5.8151
physics,1,0.5,False,True,domain,0.7058,0.6536,0.7364,0.1184,0.2205,0.46,5.8151
physics,1,1.0,True,True,domain,0.7058,0.6536,0.7364,0.1184,0.2205,0.46,5.8151
physics,1,1.0,False,True,domain,0.7058,0.6536,0.7364,0.1184,0.2205,0.46,5.8151
physics,1,2.0,True,True,domain,0.7058,0.6536,0.7364,0.1184,0.2205,0.46,5.8151
physics,1,2.0,False,True,domain,0.7058,0.6536,0.7364,0.1184,0.2205,0.46,5.8151
physics,3,0.1,True,True,domain,0.7577,0.7097,0.8027,0.361,0.4756,0.25,1.043
physics,3,0.1,False,True,domain,0.711,0.6673,0.7437,0.1106,0.2205,0.56,5.524
physics,3,0.25,True,True,domain,0.7622,0.7147,0.8073,0.3356,0.5052,0.3,0.4305
physics,3,0.25,False,True,domain,0.6979,0.6623,0.7395,0.1051,0.2068,0.67,6.2941
physics,3,0.5,True,True,domain,0.7661,0.7178,0.8096,0.3089,0.4832,0.34,0.9944
physics,3,0.5,False,True,domain,0.6986,0.6561,0.7363,0.1081,0.2079,0.8,6.2516
physics,3,1.0,True,True,domain,0.7575,0.71,0.8004,0.2491,0.4334,0.4,1.3461
physics,3,1.0,False,True,domain,0.6986,0.6561,0.7363,0.1081,0.1599,0.92,10.6781
physics,3,2.0,True,True,domain,0.7297,0.6842,0.772,0.1678,0.2724,0.44,3.9414
physics,3,2.0,False,True,domain,0.6986,0.6561,0.7363,0.1081,0.0997,0.91,23.9879
physics,6,0.1,True,True,domain,0.7587,0.7093,0.8027,0.4505,0.6376,0.17,0.188
physics,6,0.1,False,True,domain,0.696,0.6613,0.7383,0.1036,0.2026,0.67,6.3123
physics,6,0.25,True,True,domain,0.7684,0.7196,0.8144,0.4633,0.6423,0.23,0.2486
physics,6,0.25,False,True,domain,0.6927,0.6576,0.7354,0.1034,0.1648,0.84,9.6109
physics,6,0.5,True,True,domain,0.7761,0.7271,0.8203,0.484,0.5941,0.31,0.3941
physics,6,0.5,False,True,domain,0.6876,0.6523,0.7317,0.103,0.1506,0.95,11.3269
physics,6,1.0,True,True,domain,0.7621,0.7141,0.8054,0.2874,0.4448,0.39,1.3643
physics,6,1.0,False,True,domain,0.6876,0.6524,0.7317,0.103,0.0997,0.91,23.9818
physics,6,2.0,True,True,domain,0.7299,0.6843,0.7724,0.1687,0.2748,0.44,3.8868
physics,6,2.0,False,True,domain,0.6876,0.6524,0.7317,0.103,0.0997,0.91,23.9879
physics,12,0.1,True,True,domain,0.7569,0.707,0.7995,0.4482,0.6096,0.11,0.2486
physics,12,0.1,False,True,domain,0.6667,0.6221,0.7015,0.0957,0.1934,0.82,5.9788
physics,12,0.25,True,True,domain,0.7675,0.7175,0.8138,0.4694,0.6349,0.2,0.2365
physics,12,0.25,False,True,domain,0.6606,0.6107,0.6924,0.0965,0.0999,0.93,23.9394
physics,12,0.5,True,True,domain,0.7755,0.7263,0.8205,0.4741,0.6,0.3,0.4123
physics,12,0.5,False,True,domain,0.6544,0.6032,0.6859,0.0955,0.0998,0.95,23.9636
physics,12,1.0,True,True,domain,0.7622,0.7141,0.8055,0.2882,0.4516,0.39,1.2916
physics,12,1.0,False,True,domain,0.6544,0.6033,0.6859,0.0955,0.0997,0.91,23.9818
physics,12,2.0,True,True,domain,0.7299,0.6842,0.7724,0.1687,0.2748,0.44,3.8868
physics,12,2.0,False,True,domain,0.6544,0.6033,0.6859,0.0955,0.0997,0.91,23.9879
physics,24,0.1,True,True,domain,0.7566,0.7061,0.7998,0.4539,0.6044,0.09,0.2122
physics,24,0.1,False,True,domain,0.6171,0.5792,0.6611,0.0758,0.1238,0.94,12.8247
physics,24,0.25,True,True,domain,0.7676,0.7175,0.8139,0.4835,0.6224,0.19,0.3092
physics,24,0.25,False,True,domain,0.619,0.5674,0.652,0.0822,0.0999,0.95,23.9333
physics,24,0.5,True,True,domain,0.7755,0.7263,0.8205,0.4763,0.6044,0.3,0.3941
physics,24,0.5,False,True,domain,0.6031,0.5607,0.6466,0.0753,0.0998,0.95,23.9636
physics,24,1.0,True,True,domain,0.7623,0.7142,0.8054,0.2887,0.4516,0.39,1.2916
physics,24,1.0,False,True,domain,0.6031,0.5607,0.6465,0.0753,0.0997,0.91,23.9818
physics,24,2.0,True,True,domain,0.7299,0.6842,0.7724,0.1687,0.2748,0.44,3.8868
physics,24,2.0,False,True,domain,0.6854,0.4644,0.5415,0.0874,0.0997,0.91,23.9879
composite,1,0.1,True,True,domain,0.6855,0.6474,0.7174,0.1239,0.1947,0.53,1.5402
composite,1,0.1,False,True,domain,0.6855,0.6474,0.7174,0.1239,0.1947,0.53,1.5402
composite,1,0.25,True,True,domain,0.6855,0.6474,0.7174,0.1239,0.1947,0.53,1.5402
composite,1,0.25,False,True,domain,0.6855,0.6474,0.7174,0.1239,0.1947,0.53,1.5402
composite,1,0.5,True,True,domain,0.6855,0.6474,0.7174,0.1239,0.1947,0.53,1.5402
composite,1,0.5,False,True,domain,0.6855,0.6474,0.7174,0.1239,0.1947,0.53,1.5402
composite,1,1.0,True,True,domain,0.6855,0.6474,0.7174,0.1239,0.1947,0.53,1.5402
composite,1,1.0,False,True,domain,0.6855,0.6474,0.7174,0.1239,0.1947,0.53,1.5402
composite,1,2.0,True,True,domain,0.6855,0.6474,0.7174,0.1239,0.1947,0.53,1.5402
composite,1,2.0,False,True,domain,0.6855,0.6474,0.7174,0.1239,0.1947,0.53,1.5402
composite,3,0.1,True,True,domain,0.7597,0.7303,0.7881,0.2469,0.254,0.31,0.0061
composite,3,0.1,False,True,domain,0.6807,0.6429,0.712,0.1823,0.1874,0.61,1.7221
composite,3,0.25,True,True,domain,0.7412,0.7089,0.7707,0.2554,0.2619,0.35,0.0
composite,3,0.25,False,True,domain,0.6871,0.6497,0.7201,0.1108,0.1751,0.71,1.9586
composite,3,0.5,True,True,domain,0.7273,0.6928,0.7585,0.2549,0.2619,0.4,0.0
composite,3,0.5,False,True,domain,0.6907,0.6507,0.7201,0.1524,0.1659,0.81,3.4987
composite,3,1.0,True,True,domain,0.7019,0.6654,0.7345,0.2674,0.2619,0.46,0.0
composite,3,1.0,False,True,domain,0.6907,0.6507,0.7201,0.1524,0.1636,0.93,3.5715
composite,3,2.0,True,True,domain,0.6927,0.6558,0.7268,0.2741,0.2752,0.51,0.2304
composite,3,2.0,False,True,domain,0.6907,0.6507,0.7201,0.1524,0.0997,0.91,23.9879
composite,6,0.1,True,True,domain,0.7876,0.7556,0.8188,0.2192,0.2808,0.16,2.6438
composite,6,0.1,False,True,domain,0.6713,0.6354,0.7044,0.1141,0.165,0.71,1.9768
composite,6,0.25,True,True,domain,0.7694,0.7383,0.8,0.2267,0.2606,0.24,1.7888
composite,6,0.25,False,True,domain,0.6841,0.6477,0.7144,0.1175,0.1657,0.85,4.1779
composite,6,0.5,True,True,domain,0.7387,0.7052,0.7701,0.2467,0.2462,0.31,2.8196
composite,6,0.5,False,True,domain,0.6858,0.6505,0.7152,0.1177,0.1366,0.95,14.0556
composite,6,1.0,True,True,domain,0.7048,0.6688,0.7378,0.2637,0.2598,0.45,0.0121
composite,6,1.0,False,True,domain,0.6858,0.6505,0.7152,0.1177,0.0997,0.91,23.9818
composite,6,2.0,True,True,domain,0.693,0.656,0.7272,0.2735,0.2761,0.51,0.2244
composite,6,2.0,False,True,domain,0.6858,0.6505,0.7152,0.1177,0.0997,0.91,23.9879
composite,12,0.1,True,True,domain,0.8038,0.77,0.8363,0.2992,0.358,0.13,0.758
composite,12,0.1,False,True,domain,0.6372,0.6055,0.6766,0.0849,0.1588,0.84,2.1162
composite,12,0.25,True,True,domain,0.7824,0.7515,0.8124,0.2354,0.276,0.2,2.5346
composite,12,0.25,False,True,domain,0.6525,0.614,0.6865,0.1178,0.0999,0.95,23.9333
composite,12,0.5,True,True,domain,0.7405,0.7075,0.772,0.251,0.2472,0.3,2.9288
composite,12,0.5,False,True,domain,0.6537,0.6148,0.6864,0.1022,0.0998,0.95,23.9636
composite,12,1.0,True,True,domain,0.7048,0.6688,0.7376,0.2639,0.2609,0.45,0.0061
composite,12,1.0,False,True,domain,0.6537,0.6148,0.6864,0.1022,0.0997,0.91,23.9818
composite,12,2.0,True,True,domain,0.693,0.656,0.7272,0.2735,0.2761,0.51,0.2244
composite,12,2.0,False,True,domain,0.6537,0.6148,0.6864,0.1022,0.0997,0.91,23.9879
composite,24,0.1,True,True,domain,0.8035,0.7684,0.837,0.3845,0.4686,0.11,0.0788
composite,24,0.1,False,True,domain,0.6072,0.5647,0.6414,0.1451,0.1277,0.95,2.6741
composite,24,0.25,True,True,domain,0.7845,0.7529,0.8147,0.2402,0.2817,0.21,1.2976
composite,24,0.25,False,True,domain,0.602,0.5598,0.6382,0.0942,0.0999,0.95,23.9333
composite,24,0.5,True,True,domain,0.7406,0.7075,0.7721,0.2517,0.2491,0.3,2.8924
composite,24,0.5,False,True,domain,0.6018,0.5581,0.6383,0.0906,0.0998,0.95,23.9636
composite,24,1.0,True,True,domain,0.7048,0.6688,0.7376,0.2639,0.2609,0.45,0.0061
composite,24,1.0,False,True,domain,0.6018,0.5581,0.6383,0.0906,0.0997,0.91,23.9818
composite,24,2.0,True,True,domain,0.693,0.656,0.7272,0.2735,0.2761,0.51,0.2244
composite,24,2.0,False,True,domain,0.6854,0.4644,0.5415,0.0874,0.0997,0.91,23.9879
historical,1,0.1,True,True,calibration_percentile,0.7347,0.7034,0.7646,0.11,0.2075,0.46,6.7367
historical,1,0.1,False,True,calibration_percentile,0.7347,0.7034,0.7646,0.11,0.2075,0.46,6.7367
historical,1,0.25,True,True,calibration_percentile,0.7347,0.7034,0.7646,0.11,0.2075,0.46,6.7367
historical,1,0.25,False,True,calibration_percentile,0.7347,0.7034,0.7646,0.11,0.2075,0.46,6.7367
historical,1,0.5,True,True,calibration_percentile,0.7347,0.7034,0.7646,0.11,0.2075,0.46,6.7367
historical,1,0.5,False,True,calibration_percentile,0.7347,0.7034,0.7646,0.11,0.2075,0.46,6.7367
historical,1,1.0,True,True,calibration_percentile,0.7347,0.7034,0.7646,0.11,0.2075,0.46,6.7367
historical,1,1.0,False,True,calibration_percentile,0.7347,0.7034,0.7646,0.11,0.2075,0.46,6.7367
historical,1,2.0,True,True,calibration_percentile,0.7347,0.7034,0.7646,0.11,0.2075,0.46,6.7367
historical,1,2.0,False,True,calibration_percentile,0.7347,0.7034,0.7646,0.11,0.2075,0.46,6.7367
historical,3,0.1,True,True,calibration_percentile,0.8253,0.7889,0.86,0.3448,0.4669,0.25,1.3401
historical,3,0.1,False,True,calibration_percentile,0.7286,0.702,0.7634,0.1029,0.2096,0.56,6.288
historical,3,0.25,True,True,calibration_percentile,0.8281,0.7928,0.8629,0.3238,0.4844,0.3,0.5882
historical,3,0.25,False,True,calibration_percentile,0.7261,0.7027,0.7634,0.1022,0.1963,0.67,7.3613
historical,3,0.5,True,True,calibration_percentile,0.83,0.7958,0.8626,0.2978,0.4561,0.34,1.3401
historical,3,0.5,False,True,calibration_percentile,0.7246,0.7002,0.7632,0.1021,0.1971,0.8,7.3249
historical,3,1.0,True,True,calibration_percentile,0.814,0.78,0.8462,0.2366,0.4019,0.4,1.71
historical,3,1.0,False,True,calibration_percentile,0.7246,0.7002,0.7632,0.1021,0.1536,0.92,12.5215
historical,3,2.0,True,True,calibration_percentile,0.7756,0.743,0.8057,0.1599,0.2537,0.44,4.6812
historical,3,2.0,False,True,calibration_percentile,0.7246,0.7002,0.7632,0.1021,0.0997,0.91,23.9879
historical,6,0.1,True,True,calibration_percentile,0.8346,0.7999,0.8701,0.4883,0.6371,0.17,0.2547
historical,6,0.1,False,True,calibration_percentile,0.7268,0.7026,0.7618,0.1042,0.1952,0.67,7.3613
historical,6,0.25,True,True,calibration_percentile,0.8416,0.8071,0.8749,0.4957,0.6232,0.23,0.4002
historical,6,0.25,False,True,calibration_percentile,0.727,0.7039,0.7625,0.1043,0.1655,0.84,10.8358
historical,6,0.5,True,True,calibration_percentile,0.8432,0.8073,0.8762,0.4721,0.5739,0.32,0.1637
historical,6,0.5,False,True,calibration_percentile,0.7259,0.7026,0.761,0.1042,0.1473,0.95,13.3886
historical,6,1.0,True,True,calibration_percentile,0.8214,0.787,0.8539,0.2732,0.4144,0.39,1.7342
historical,6,1.0,False,True,calibration_percentile,0.7259,0.7026,0.761,0.1042,0.0997,0.91,23.9818
historical,6,2.0,True,True,calibration_percentile,0.7761,0.7434,0.8062,0.1608,0.2562,0.44,4.6145
historical,6,2.0,False,True,calibration_percentile,0.7259,0.7026,0.761,0.1042,0.0997,0.91,23.9879
historical,12,0.1,True,True,calibration_percentile,0.8408,0.8071,0.8747,0.4948,0.6205,0.11,0.3032
historical,12,0.1,False,True,calibration_percentile,0.7078,0.6692,0.7349,0.0982,0.1874,0.82,6.8823
historical,12,0.25,True,True,calibration_percentile,0.8443,0.8098,0.8775,0.5054,0.6219,0.2,0.3517
historical,12,0.25,False,True,calibration_percentile,0.6972,0.6659,0.7312,0.0944,0.1014,0.95,23.3148
historical,12,0.5,True,True,calibration_percentile,0.8442,0.8085,0.8769,0.4863,0.5876,0.31,0.188
historical,12,0.5,False,True,calibration_percentile,0.6949,0.6643,0.7305,0.0938,0.0998,0.95,23.9636
historical,12,1.0,True,True,calibration_percentile,0.8216,0.7871,0.8541,0.274,0.4199,0.39,1.6614
historical,12,1.0,False,True,calibration_percentile,0.6949,0.6643,0.7305,0.0938,0.0997,0.91,23.9818
historical,12,2.0,True,True,calibration_percentile,0.7761,0.7434,0.8061,0.1608,0.2562,0.44,4.6145
historical,12,2.0,False,True,calibration_percentile,0.6949,0.6643,0.7305,0.0938,0.0997,0.91,23.9879
historical,24,0.1,True,True,calibration_percentile,0.8415,0.8081,0.8755,0.5022,0.6138,0.09,0.2607
historical,24,0.1,False,True,calibration_percentile,0.6379,0.605,0.6756,0.0764,0.1217,0.94,14.6741
historical,24,0.25,True,True,calibration_percentile,0.8447,0.81,0.8777,0.5215,0.626,0.2,0.1758
historical,24,0.25,False,True,calibration_percentile,0.6359,0.5984,0.671,0.0773,0.0999,0.95,23.9333
historical,24,0.5,True,True,calibration_percentile,0.8443,0.8086,0.8771,0.4903,0.5876,0.31,0.188
historical,24,0.5,False,True,calibration_percentile,0.6301,0.5998,0.6714,0.075,0.0998,0.95,23.9636
historical,24,1.0,True,True,calibration_percentile,0.8216,0.7871,0.8541,0.274,0.4199,0.39,1.6614
historical,24,1.0,False,True,calibration_percentile,0.6301,0.5998,0.6714,0.075,0.0997,0.91,23.9818
historical,24,2.0,True,True,calibration_percentile,0.7761,0.7434,0.8061,0.1607,0.2562,0.44,4.6145
historical,24,2.0,False,True,calibration_percentile,0.6854,0.4644,0.5415,0.0874,0.0997,0.91,23.9879
physics,1,0.1,True,True,calibration_percentile,0.6847,0.4605,0.5387,0.0873,0.0996,0.05,24.0
physics,1,0.1,False,True,calibration_percentile,0.6847,0.4605,0.5387,0.0873,0.0996,0.05,24.0
physics,1,0.25,True,True,calibration_percentile,0.6847,0.4605,0.5387,0.0873,0.0996,0.05,24.0
physics,1,0.25,False,True,calibration_percentile,0.6847,0.4605,0.5387,0.0873,0.0996,0.05,24.0
physics,1,0.5,True,True,calibration_percentile,0.6847,0.4605,0.5387,0.0873,0.0996,0.05,24.0
physics,1,0.5,False,True,calibration_percentile,0.6847,0.4605,0.5387,0.0873,0.0996,0.05,24.0
physics,1,1.0,True,True,calibration_percentile,0.6847,0.4605,0.5387,0.0873,0.0996,0.05,24.0
physics,1,1.0,False,True,calibration_percentile,0.6847,0.4605,0.5387,0.0873,0.0996,0.05,24.0
physics,1,2.0,True,True,calibration_percentile,0.6847,0.4605,0.5387,0.0873,0.0996,0.05,24.0
physics,1,2.0,False,True,calibration_percentile,0.6847,0.4605,0.5387,0.0873,0.0996,0.05,24.0
physics,3,0.1,True,True,calibration_percentile,0.6847,0.4605,0.5387,0.0873,0.0996,0.05,24.0
physics,3,0.1,False,True,calibration_percentile,0.6847,0.4605,0.5387,0.0873,0.0996,0.05,24.0
physics,3,0.25,True,True,calibration_percentile,0.6847,0.4605,0.5387,0.0873,0.0996,0.05,24.0
physics,3,0.25,False,True,calibration_percentile,0.6847,0.4605,0.5387,0.0873,0.0996,0.05,24.0
physics,3,0.5,True,True,calibration_percentile,0.6847,0.4605,0.5387,0.0873,0.0996,0.05,24.0
physics,3,0.5,False,True,calibration_percentile,0.6847,0.4605,0.5387,0.0873,0.0996,0.05,24.0
physics,3,1.0,True,True,calibration_percentile,0.6847,0.4605,0.5387,0.0873,0.0996,0.05,24.0
physics,3,1.0,False,True,calibration_percentile,0.6847,0.4605,0.5387,0.0873,0.0996,0.05,24.0
physics,3,2.0,True,True,calibration_percentile,0.6847,0.4605,0.5387,0.0873,0.0996,0.05,24.0
physics,3,2.0,False,True,calibration_percentile,0.6847,0.4605,0.5387,0.0873,0.0996,0.05,24.0
physics,6,0.1,True,True,calibration_percentile,0.6847,0.4605,0.5387,0.0873,0.0996,0.05,24.0
physics,6,0.1,False,True,calibration_percentile,0.6847,0.4605,0.5387,0.0873,0.0996,0.05,24.0
physics,6,0.25,True,True,calibration_percentile,0.6847,0.4605,0.5387,0.0873,0.0996,0.05,24.0
physics,6,0.25,False,True,calibration_percentile,0.6847,0.4605,0.5387,0.0873,0.0996,0.05,24.0
physics,6,0.5,True,True,calibration_percentile,0.6847,0.4605,0.5387,0.0873,0.0996,0.05,24.0
physics,6,0.5,False,True,calibration_percentile,0.6847,0.4605,0.5387,0.0873,0.0996,0.05,24.0
physics,6,1.0,True,True,calibration_percentile,0.6847,0.4605,0.5387,0.0873,0.0996,0.05,24.0
physics,6,1.0,False,True,calibration_percentile,0.6847,0.4605,0.5387,0.0873,0.0996,0.05,24.0
physics,6,2.0,True,True,calibration_percentile,0.6847,0.4605,0.5387,0.0873,0.0996,0.05,24.0
physics,6,2.0,False,True,calibration_percentile,0.6847,0.4605,0.5387,0.0873,0.0996,0.05,24.0
physics,12,0.1,True,True,calibration_percentile,0.6847,0.4605,0.5387,0.0873,0.0996,0.05,24.0
physics,12,0.1,False,True,calibration_percentile,0.6847,0.4605,0.5387,0.0873,0.0996,0.05,24.0
physics,12,0.25,True,True,calibration_percentile,0.6847,0.4605,0.5387,0.0873,0.0996,0.05,24.0
physics,12,0.25,False,True,calibration_percentile,0.6847,0.4605,0.5387,0.0873,0.0996,0.05,24.0
physics,12,0.5,True,True,calibration_percentile,0.6847,0.4605,0.5387,0.0873,0.0996,0.05,24.0
physics,12,0.5,False,True,calibration_percentile,0.6847,0.4605,0.5387,0.0873,0.0996,0.05,24.0
physics,12,1.0,True,True,calibration_percentile,0.6847,0.4605,0.5387,0.0873,0.0996,0.05,24.0
physics,12,1.0,False,True,calibration_percentile,0.6847,0.4605,0.5387,0.0873,0.0996,0.05,24.0
physics,12,2.0,True,True,calibration_percentile,0.6847,0.4605,0.5387,0.0873,0.0996,0.05,24.0
physics,12,2.0,False,True,calibration_percentile,0.6847,0.4605,0.5387,0.0873,0.0996,0.05,24.0
physics,24,0.1,True,True,calibration_percentile,0.6847,0.4605,0.5387,0.0873,0.0996,0.05,24.0
physics,24,0.1,False,True,calibration_percentile,0.6847,0.4605,0.5387,0.0873,0.0996,0.05,24.0
physics,24,0.25,True,True,calibration_percentile,0.6847,0.4605,0.5387,0.0873,0.0996,0.05,24.0
physics,24,0.25,False,True,calibration_percentile,0.6847,0.4605,0.5387,0.0873,0.0996,0.05,24.0
physics,24,0.5,True,True,calibration_percentile,0.6847,0.4605,0.5387,0.0873,0.0996,0.05,24.0
physics,24,0.5,False,True,calibration_percentile,0.6847,0.4605,0.5387,0.0873,0.0996,0.05,24.0
physics,24,1.0,True,True,calibration_percentile,0.6847,0.4605,0.5387,0.0873,0.0996,0.05,24.0
physics,24,1.0,False,True,calibration_percentile,0.6847,0.4605,0.5387,0.0873,0.0996,0.05,24.0
physics,24,2.0,True,True,calibration_percentile,0.6847,0.4605,0.5387,0.0873,0.0996,0.05,24.0
physics,24,2.0,False,True,calibration_percentile,0.6847,0.4605,0.5387,0.0873,0.0996,0.05,24.0
composite,1,0.1,True,True,calibration_percentile,0.6715,0.6401,0.7062,0.0902,0.1877,0.49,1.5402
composite,1,0.1,False,True,calibration_percentile,0.6715,0.6401,0.7062,0.0902,0.1877,0.49,1.5402
composite,1,0.25,True,True,calibration_percentile,0.6715,0.6401,0.7062,0.0902,0.1877,0.49,1.5402
composite,1,0.25,False,True,calibration_percentile,0.6715,0.6401,0.7062,0.0902,0.1877,0.49,1.5402
composite,1,0.5,True,True,calibration_percentile,0.6715,0.6401,0.7062,0.0902,0.1877,0.49,1.5402
composite,1,0.5,False,True,calibration_percentile,0.6715,0.6401,0.7062,0.0902,0.1877,0.49,1.5402
composite,1,1.0,True,True,calibration_percentile,0.6715,0.6401,0.7062,0.0902,0.1877,0.49,1.5402
composite,1,1.0,False,True,calibration_percentile,0.6715,0.6401,0.7062,0.0902,0.1877,0.49,1.5402
composite,1,2.0,True,True,calibration_percentile,0.6715,0.6401,0.7062,0.0902,0.1877,0.49,1.5402
composite,1,2.0,False,True,calibration_percentile,0.6715,0.6401,0.7062,0.0902,0.1877,0.49,1.5402
composite,3,0.1,True,True,calibration_percentile,0.7552,0.7186,0.7887,0.2714,0.2626,0.21,2.4437
composite,3,0.1,False,True,calibration_percentile,0.6693,0.6322,0.6997,0.1021,0.1877,0.58,1.5402
composite,3,0.25,True,True,calibration_percentile,0.743,0.7088,0.7747,0.2648,0.2847,0.3,0.097
composite,3,0.25,False,True,calibration_percentile,0.6838,0.6433,0.7103,0.1124,0.1877,0.69,1.5402
composite,3,0.5,True,True,calibration_percentile,0.7155,0.682,0.7479,0.2689,0.2868,0.36,0.0121
composite,3,0.5,False,True,calibration_percentile,0.6852,0.6442,0.7092,0.1126,0.188,0.81,1.5947
composite,3,1.0,True,True,calibration_percentile,0.6888,0.655,0.7214,0.2618,0.2771,0.41,0.4063
composite,3,1.0,False,True,calibration_percentile,0.6852,0.6442,0.7092,0.1126,0.1876,0.93,1.6008
composite,3,2.0,True,True,calibration_percentile,0.6832,0.6487,0.7164,0.261,0.2635,0.47,0.2304
composite,3,2.0,False,True,calibration_percentile,0.6852,0.6442,0.7092,0.1126,0.0997,0.92,23.9879
composite,6,0.1,True,True,calibration_percentile,0.7786,0.7418,0.8156,0.3151,0.3339,0.14,1.7281
composite,6,0.1,False,True,calibration_percentile,0.6535,0.6186,0.6862,0.0823,0.1724,0.69,1.5644
composite,6,0.25,True,True,calibration_percentile,0.7703,0.7358,0.8052,0.2884,0.2671,0.2,2.1344
composite,6,0.25,False,True,calibration_percentile,0.6649,0.6348,0.6979,0.0853,0.167,0.85,1.7342
composite,6,0.5,True,True,calibration_percentile,0.7317,0.6971,0.763,0.271,0.2889,0.32,0.0728
composite,6,0.5,False,True,calibration_percentile,0.666,0.6362,0.6984,0.0854,0.1394,0.95,10.2476
composite,6,1.0,True,True,calibration_percentile,0.6924,0.6582,0.7247,0.265,0.2686,0.4,0.5093
composite,6,1.0,False,True,calibration_percentile,0.666,0.6362,0.6984,0.0854,0.0997,0.92,23.9818
composite,6,2.0,True,True,calibration_percentile,0.6842,0.6499,0.7177,0.2612,0.2635,0.47,0.2304
composite,6,2.0,False,True,calibration_percentile,0.666,0.6362,0.6984,0.0854,0.0997,0.92,23.9879
composite,12,0.1,True,True,calibration_percentile,0.7987,0.7611,0.834,0.3861,0.4084,0.11,0.5154
composite,12,0.1,False,True,calibration_percentile,0.6445,0.6088,0.6766,0.0843,0.1689,0.83,1.5644
composite,12,0.25,True,True,calibration_percentile,0.7788,0.7441,0.8125,0.297,0.2985,0.18,1.7827
composite,12,0.25,False,True,calibration_percentile,0.6566,0.6176,0.6861,0.1562,0.0999,0.95,23.9333
composite,12,0.5,True,True,calibration_percentile,0.736,0.7017,0.7682,0.2645,0.293,0.31,0.0849
composite,12,0.5,False,True,calibration_percentile,0.657,0.6182,0.6864,0.1562,0.0998,0.95,23.9636
composite,12,1.0,True,True,calibration_percentile,0.6924,0.6583,0.7248,0.2653,0.2717,0.4,0.4851
composite,12,1.0,False,True,calibration_percentile,0.657,0.6182,0.6864,0.1562,0.0997,0.92,23.9818
composite,12,2.0,True,True,calibration_percentile,0.6842,0.6498,0.7177,0.2612,0.2635,0.47,0.2304
composite,12,2.0,False,True,calibration_percentile,0.657,0.6182,0.6864,0.1562,0.0997,0.92,23.9879
composite,24,0.1,True,True,calibration_percentile,0.7886,0.7511,0.8242,0.397,0.4603,0.09,0.4366
composite,24,0.1,False,True,calibration_percentile,0.611,0.5661,0.6421,0.0811,0.1232,0.94,10.3992
composite,24,0.25,True,True,calibration_percentile,0.7794,0.7437,0.8135,0.3048,0.3058,0.17,2.4679
composite,24,0.25,False,True,calibration_percentile,0.608,0.5641,0.642,0.083,0.0999,0.95,23.9333
composite,24,0.5,True,True,calibration_percentile,0.7362,0.7018,0.7683,0.2646,0.2941,0.31,0.0788
composite,24,0.5,False,True,calibration_percentile,0.6087,0.5633,0.6419,0.0801,0.0998,0.95,23.9636
composite,24,1.0,True,True,calibration_percentile,0.6924,0.6583,0.7248,0.2653,0.2717,0.4,0.4851
composite,24,1.0,False,True,calibration_percentile,0.6087,0.5633,0.6419,0.0801,0.0997,0.92,23.9818
composite,24,2.0,True,True,calibration_percentile,0.6842,0.6498,0.7177,0.2612,0.2635,0.47,0.2304
composite,24,2.0,False,True,calibration_percentile,0.6854,0.4644,0.5415,0.0874,0.0997,0.92,23.9879
historical,6,0.5,True,False,domain,0.8138,0.778,0.8503,0.4762,0.6448,0.12,0.1758
historical,6,0.5,False,False,domain,0.6461,0.6159,0.6862,0.0845,0.1791,0.49,3.05
physics,6,0.5,True,False,domain,0.745,0.6962,0.7888,0.4329,0.6371,0.12,0.1637
physics,6,0.5,False,False,domain,0.6211,0.5945,0.6704,0.0822,0.1798,0.49,2.662
composite,6,0.5,True,False,domain,0.786,0.7505,0.8195,0.224,0.313,0.1,2.6923
composite,6,0.5,False,False,domain,0.6211,0.5744,0.6425,0.0983,0.1313,0.49,11.8787
historical,6,0.5,True,False,calibration_percentile,0.8138,0.778,0.8503,0.4762,0.6448,0.12,0.1758
historical,6,0.5,False,False,calibration_percentile,0.6461,0.6159,0.6862,0.0845,0.1791,0.49,3.05
physics,6,0.5,True,False,calibration_percentile,0.6847,0.4605,0.5387,0.0873,0.0996,0.05,24.0
physics,6,0.5,False,False,calibration_percentile,0.6847,0.4605,0.5387,0.0873,0.0996,0.05,24.0
composite,6,0.5,True,False,calibration_percentile,0.7847,0.746,0.8202,0.3533,0.39,0.1,0.4245
composite,6,0.5,False,False,calibration_percentile,0.5391,0.5509,0.621,0.0549,0.1195,0.49,7.9252
